brand_id,brand_name
BRDe7929850,Nature Usman's Thuja
BRDfb780f09,Friendly Soap
BRDb8d8b47e,Kitsch
BRD99c5b6a5,OnBuy Mini Solid
BRD5975a68b,Garnier
BRDe848566e,Ethique
BRDd3e64253,Nature Triangle Usman
BRD55b49bf2,Faith in Nature
BRD0b0a0203,Areton Honey Solid
BRDdd68d2b6,Davines
BRD49cc6d20,Folk Soap Shampoo
BRD849b677b,Only Curls Curl
BRD1ffa54c2,Nature Triangle Shampoo
BRD168da840,Eco Warrior
BRD5bfb17c1,KLORANE Softening Solid
BRDe49bb8ea,J.R.Liggett's Tea Tree
BRD15a26559,KinKind Shampoo Bar
BRD1a990c4f,Solid Shampoo Bar
BRDdc5616dc,Bare Bar Mint
BRDf6c59951,Earth Rhythm Shampoo
BRDd25aedaa,Dr Organic Tea
BRD99acb7e1,Scottish Fine Soaps
BRD703504e0,"Green Soap, Shampoo"
BRDda310ea7,The Little Goat
BRD8f2f1e6c,Herbal Essences Hydrating
BRDbfaf633b,Tropical Mango Solid
BRDa842003f,Shampoo Bar
BRD581af713,Bare Bar Men's
BRDb518468b,Nourishing
BRD650c2905,Eco Living Autumn
BRD48518c2c,Bomb Cosmetics Let's
BRD01ca4802,Try Me Travel
BRD91a449b3,Ecoliving Soap Free
BRDa43c3cec,Old Guys Rule
BRD45273fd1,Saponificio Varesino Delicate
BRDf78930ae,Lazartigue Gentle Solid
BRDd3b43c46,Ginger Mint
BRDccc38295,Thyme Mint
BRD311e482d,Bomb Cosmetics Love
BRD891e828c,Green People Eucalyptus
BRDcfe3725f,Freesia Solid Shampoo
BRD7a9fcbb3,Natural Good Hair
BRD8f177eea,"Turmeric Shampoo Bar,Ginger"
BRD926c5bbb,Intense Moisture Shampoo
BRDed6e42db,Emmy Jane Boutique
BRD4da79970,L'Occitane Solid Shampoo
BRD06446ba8,Lavender Rosemary
BRDba2eca47,Rainforest Revival Shampoo
BRDb0b4f911,Eco Living Shampoo
BRD7562f4a5,Clarins Nourishing Shampoo
BRD88998543,J.R. Liggett's Virgin
BRD17f7d39a,Baobab Shampoo Bar
BRD81fc8946,Alott Vegan Shampoo
BRD5094d6ce,Wideye Green Tea
BRD1256ff92,Clovelly Soap Co
BRDe8b287bb,Bertioli Water Meadow
BRD64ca7e68,Coconut Shampoo Bar
BRDd3e5603a,Posy London Shampoo
BRDf4bcc157,Botanical Shampoo Bar
BRDd1e71530,Lime Cooler Handmade
BRD2c604c79,EcoLiving Ocean Breeze
BRD7ea7ea25,Green People Scent
BRD518691c7,Citrus Burst Solid
BRD0a6a3950,Alter/Native Rose
BRDeb9791f1,Buddha Bubbles
BRD495d5aa9,Agnes Cat
BRDf6adf66c,Handmade Natural Eco-Friendly
BRD2c6461d1,Botanical Juniper
BRDdf71daa7,Indola Act Now
BRD44252150,KinKind Give Me
BRD337017ec,Natural Shampoo Bar
BRDf96809be,Nettle Shampoo Bar
BRD09728c53,Skoon Shampoo Bar
BRD3d05c428,Muhle Essentials Fig
BRDb1659320,KinKind Argan Oil
BRDd5ad9761,Ginger Hair Regrowth
BRDcc8d381a,Soaphoria
BRD49b0f8ec,Bountiful Shampoo Bar
BRD7839479e,Oh So Silver
BRDc92a6878,Revive Thrive
BRD400d7dd0,Ancient Wisdom Solid
BRD86578696,O&M Charcoal Shampoo
BRDe15cb03c,Wideye Rehydrating Shampoo
BRDa2c1c7f8,Perfectly Balanced Shampoo
BRD06892b5c,UK Juicy Locks
BRD3ad16fbd,Argan Shampoo Bar
BRD745d4a5b,Vegan Shampoo Bar
BRD13ec46ac,Hår Zero
BRD94c43671,Lucia Solid Shampoo
BRD7365e970,The Conditioning Shampoo
BRDe8872f66,Label Provence French
BRD08fdb993,Shampoo Bars
BRDd13e383e,Almond Shampoo Bar
BRD802f25fc,Bee Kind Natural
BRDaf334946,Bomb Cosmetics Like
BRD19870885,Waterworld Sports Natural
BRD4b5d6701,Natural Balance Shampoo
BRD023e0037,Sorbet Shampoo Bar
BRDd1ed91f4,Champagne Roses
BRD693d3157,Attitude Clarifying Shampoo
BRD572fe905,Alana Aloe Vera
BRD0d47f306,Nature Triangle Solid
BRD74bbc733,Afroani Solid Shampoo
BRDe1ae9440,Twin Pack
BRD668c3ef6,Green Soap Nature
BRDae46962f,ATTITUDE Leaves Bar
BRD3540b328,Horace Gentle Anti-Dandruff
BRD08c9c91b,"Rose, Lavender And"
BRD27fc771d,Rice Shampoo Bar
BRD2b25b3d2,Curly Hair Shampoo
BRDfb8b021d,Hår Brightening
BRD9179a5c8,Avril Solid Anti-Dandruff
BRDd059f4bf,Rice Water Shampoo
BRDb1e9b33d,Grüum Twin Pack
BRD6fefe28f,J.R. Liggett's Moisturizing
BRDf16b6642,Nettles Petals
BRD0afa7796,Tea Tree Shampoo
BRDa6e93dd4,French Artisan Cold
BRDf8b08915,KinKind Anti Dandruff
BRDa3316c51,Skoon Solid Shampoo
BRD8d4f8299,Sea Sage Solid
BRD152ce82a,"French Shampoo Bar,"
BRD5bf60795,Speick Natural Aktiv
BRDc5e1f5ab,Cypress Leaf&usman
BRD15734e10,Handmade Natural Shampoo
BRDd60f332f,Nourish Replenish
BRD95ec4750,Dry Flakey
BRDcde0ea0b,Woody's Hair
BRD589145d9,Avril Organic Solid
BRDcb02e1fd,Y Acondicionador
BRDf0489b5a,Australian Natural Soap
BRDe2daabeb,Aloe Vera
BRD620e32cf,Organic Certified Solid
BRDec03f91a,Solid
BRD69fe4d48,SOAPS4ME Handmade Silk
BRD2d50c3ca,FOAmie Argan Oil
BRD3e55f941,Sanoll Festes
BRDc26d512c,KinKind Make Me
BRDea97e1e5,Alter/Native
BRDf5f310ee,Shampoo Soap Bars
BRD5e730e2a,SOAPS4ME Shampoo Bar
BRD086fab26,Nature Triangle
BRDda63600c,Strength Volume
BRD8843db64,I Should Cocoa
BRD54f2c63c,Much'ay Solid Shampoo
BRD1f4ac408,Vanilla Coconut Shampoo
BRDcb7153cf,J·R·LIGGETT'S All-Natural Shampoo
BRDe9682e52,Rosenrot Festes Shampoo
BRD458959d4,Störtebekker Premium Solid
BRD0e34a0f1,Solid Shampoo For
BRDd0b9643a,Allbestaye Natural Soap
BRD4a0f6616,Body Earth
BRD6652fa1f,Pcs Rice
BRD2555eeca,Alter/native Shampoo Bars
BRD0b30ac42,Herbal Shampoo Bar
BRD7d38a112,Lavender Geranium
BRDa540debb,Natural Strengthening Shampoo
BRDa7d547cb,Deep-cleaning Hair Shampoo
BRD4bed7299,KMS AddVolume Solid
BRD1d174513,Hair Shampoo Bar
BRD3909d777,Body Cleansing Shampoo
BRDba8f06d7,DRY SHAMPOO BAR
BRDffccc607,Wild Hare Orchid
BRDdc3fd7ce,"Solid Anti-dandruff Shampoo,"
BRD05fcd109,Lavender Orange Luxurious
BRDdcb973d0,Vegan Eucalyptus
BRD979eae8c,Classy Camomille* Shampoo
BRD04c0fbde,Secrets Provence
BRD1f7fc289,Bay Rum
BRDb3595cf5,Grab Nat All
BRD377736ed,Elstree Soaps Lavender
BRD3047ce89,Kin Kind Body
BRD186764a6,Shampoo
BRD2866e670,Aroma Zone Purifying
BRD4d5f0fd4,Love Bar Detoxifying
BRD16a88792,Truth Love
BRDcfa1c9d7,Naples Soap Company
BRDd84880f9,Clever Yoga Moisturizing
BRD49669ae4,Natural Shampoo Bars
BRD293d9107,Conditioner Bar Floral
BRD37d50563,Aussie Koality Moisture
BRD8e1f81de,KinKind Nourish Me!
BRD2b158ce5,Nope. Into The
BRD0b7979b3,Battle Green Natural
BRD5d7cb23d,Hair Bars Strengthening
BRD8c5d464a,Professional Conditioner
BRD46477074,Dr.Organic Coconut
BRDc6020f01,Fragrance-free Conditioner Bar
BRD4d49565e,Folk Soap Conditioner
BRDba5edcae,Snow Fay Solid
BRD57bbbdd4,FRUU Cosmetics Phyto-
BRDa2feb485,Revitalising Conditioner Bar
BRDa3041d25,Thenaturalspa Conditioner Sampler
BRD5aac374f,J.R. Liggett's Conditioner
BRD74ed280a,Naked Conditioner Bar
BRD9be8f31b,Sweet Orange Conditioner
BRD8f464927,Moisture Professional Conditioner
BRDf43a58f9,Solid Hair Conditioner
BRDcc48bc5f,English Rose Sandalwood
BRD5c36c26c,Lathered Solid
BRDca7a3ce6,Superfly Soap Hair
BRD69e0050d,Yorkshire Goddess Conditioner
BRD1fbde5c7,Perfect Condition Conditioner
BRD5b3fcbaf,Nourishing Conditioner Bar
BRDa177d14e,Geranium Juniper
BRD08c8785d,Folk Soap Solid
BRDdce892f5,Bath Bubble
BRD5aa71ec5,Hairy Jayne Floral
BRD4ded46ea,Solid Lavender Conditioner
BRDfbabce4a,Biotin Shampoo
BRDd1d548ce,Lemon Black
BRD4ea0a04c,Curly Girl Solid
BRDb2c53393,Smooth Operator Unscented
BRD2f1c852f,Solid Conditioner Bar
BRD59854195,Glôs Brightening
BRD14847908,Lavender Cedarwood
BRDf8715449,Craftery The Natural
BRDfec3688e,Tonka Muguet
BRDa98568f9,Organic Solid Deep
BRDbfda53e4,Skoon Solid Conditioner
BRDa1d9a338,Rosemary Conditioner Bars
BRDd580888e,Wideye Hair Conditioner
BRDae77f393,Herbal Boost Bloom
BRD95bc2e1b,Lavender Conditioner Bar
BRDef4b096f,Oakmoss Cedarwood Rosemary
BRD5e1f2315,Cool Peppermint Conditioner
BRD84bf19fd,Naturtint Strengthening Shampoo
BRD989b9add,Gently Does It
BRDd7a69875,Anihana
BRD361f257c,Zesty Lemon Conditioner
BRDd7d4ac6f,Gruum Glos Zero
BRDa9fefdcd,Volume Body
BRD681ec381,Bounty Hunter Conditioner
BRD659f89e2,Tea Tree
BRDa0a2fead,Natural Conditioner Bar
BRD71e71391,Volume Boost Deep
BRD025d4f49,Solid Conditioner Bars
BRDe0c20461,Solid Pink Grapefruit
BRDed12e09f,You've Been Mangoed
BRDe8b43e76,Shampoo Bar Conditioner
BRD638f1ff6,The Natural Spa
BRD18a42386,Back Basics
BRD2d00d78e,Totally Salty Unscented
BRDe267b1d9,Sunshine Conditioner Bars
BRDc1c0f92e,Nopalera Balance
BRDfc8da3a0,Alter/Native Lavender
BRDbde749e8,Foamie Conditioner Bar
BRDf95dd752,Biocosme Bio Solid
BRD063016f0,Salt Steam
BRD9bd864cf,Savon Midi
BRDf5d643cf,Vegan Conditioner Bar
BRD8ff1d4be,Natural Hair Bar
BRDca214ed0,Bounce Conditioner Bar
BRD1ba68482,KinKind Rice Water
BRD2581bea2,Cien Solid Conditioner
BRD093064ec,Nectar Carbonite Conditioner
BRD40d6e83f,Kinkind Conditioner
BRD3ba85867,The Australian Natural
BRD6bf955d9,Alter/Native Patchouli
BRD4d8abcb5,Peach Not Plastic
BRD6c6b7938,Yao Secret Fermented
BRD9a4ab3b6,KinKind Nourish Me
BRDd2e44052,Alter/Native Pink Grapefruit
BRDcc5a3510,Coming Up Roses
BRD8449bb16,Curliosity Co-Wash
BRDa55d3f5b,Conditioner Bar
BRDed3b806a,Nourish Conditioner Bar
BRD5e719139,Peppermint Conditioner Bar
BRD3a2fa7f1,Vegan Conditioner Bars
BRDd69e8e0f,Alter/Native Conditioner Bar
BRDd1946762,Peppermint Tea
BRDae46962f,Attitude Leaves Bar
BRD303bc771,Every Hair Solid
BRD8195dd1d,Flake Away Solid
BRDc0566721,Purple Conditioner Bar
BRDf4dddf77,Voono Conditioner Bar
BRD45f9c587,JRLIGGETS Conditioner Bar
BRDbdc9f692,White Conditioner Bar
BRD1bfd49e4,Foamie
BRDc576bfe1,KinKind Conditioner Bar
BRDc34c85fc,J·R·Liggett's Hair Conditioner
BRDf93e2446,Matcha Conditioner Bar
BRDd5386074,Unscented Conditioner Bar
BRDb1861820,Shampoobars Conditioner Bar
BRD869bd7a6,Bare Bloom
BRDf990174f,Alana Vegan Natural
BRDeaa9c6f2,Klar Argan Oil
BRDdd355fc8,The Soap Mine
BRDa86ab666,Natural Shampoo
BRD5ff54867,Pure Conditioner Bars
BRD704cfd8a,Eleven Australia
BRD73c366f7,HiBAR Solid Conditioner
BRDae9c7f0e,Klar Chamomile
BRD9a43dfeb,Herbalicious Conditioner Bar
BRDe150c086,Alana Aloe
BRDc016a651,Lamazuna Solid Conditioner
BRDeff26f9b,Bella Conditioner Bar
BRDd8207648,Banana Solid Conditioner
BRDc9b3db18,Hairy Jayne Herbal
BRD8d141f4f,Mango Solid Conditioner
BRD3f960411,Conditioner Bars Peppermint
BRD6bdbf8f0,Lime Bergamot
BRD48a6a055,Lemon Eucalyptus Conditioner
BRD74495273,Rose Geranium
BRD1c4ede1b,New Patchouli
BRDfdc7d455,Unscented Conditioner Bars
BRD6a280433,Lavender Lime Conditioner
BRD5c41dbd4,Hairy Jayne Naked
BRD033484c8,Hair Conditioner Bar
BRDe42b22a1,Rosemary Tea
BRDbb58cc3b,Mint Conditioner Bar
BRD5780fcbc,Eucalyptus Spearmint Conditioner
BRDdb747088,Lemongrass Solid Conditioner
BRD71ef79c5,Custom Conditioner Bar
BRD46f79228,Naturally Gorgeous Cosmetics
BRDe3b67115,Vegan Solid Hair
BRD32e9a6b6,Hair Conditioner Bar-
BRD6064259e,South Pacific Conditioner
BRDd326e530,Wideye Hair Fuel
BRDf92c621f,Coconut Shea Butter
BRD05a2134f,Posy London Conditioner
BRD3e640286,Blue Ocean Conditioner
BRD29480a13,"Mini Conditioner Bars,"
BRDd8f5e5ce,RAWROOTS.eu Conditioner Bar
BRD635ced1b,Dr Organic Coconut
BRD8fc42c6d,The
BRD5d1f42e1,Honey Silk Hair
BRD829d183e,Energising Renew
BRDe427bbdc,Spring Tides Handcrafted
BRD8fd354dd,Shea Butter
BRDb080a0e6,Paul Mitchell Tea
BRD7cbe7440,The Ordinary Niacinamide
BRD6f95bd0c,Q+A Brightening Serum
BRD76a3bb64,L'Oreal Paris Age
BRD78681b2e,Simple Serum
BRDfb3594c6,Sukin Super Greens
BRDc275dc47,Estee Lauder Advanced
BRDbcae349c,Kiehl's Hydro-Plumping Serum
BRDbdb9e73e,The Ordinary Hyaluronic
BRDd2d3cd81,Beauty Joseon
BRDa610be68,Caudalie Vinoperfect Brightening
BRD9893fe12,Ole Henriksen Banana
BRD11aaf3c6,COSRX The
BRDd1fca466,Good Molecules Niacinamide
BRD09b8eee7,La Roche-Posay Mela
BRDa6c1ac00,Kiehl's Midnight Recovery
BRDbb09e2bd,Evolve Beauty Hyaluronic
BRD2df140e3,Eclat Pure Retinol
BRD151709de,Hydra-Cool Serum
BRD9d59c86e,Pyunkang Yul Moisture
BRDabf57398,Clarins Double Serum
BRD561572e5,Miracle Serum Revolution
BRD378f691f,Elemis Pro-Collagen Rose
BRD82d17c51,Fresh Lotus Youth
BRD8cfce26e,UpCircle Peptide Serum
BRDeb25405f,Face Facts Facial
BRD80c57543,Charlotte Tilbury Magic
BRD36c74abe,Naturium The Icons
BRDe2020250,Sunday Riley Good
BRD8fd478a3,Minimalist Alpha Arbutin
BRDe137ee35,Simple Booster Serum
BRD3dbc8e31,Medik8 Crystal Retinal
BRD7749e0ab,Anua Niacinamide Dark
BRD9b3138d5,Tatcha The Longevity
BRD93b1eccf,Skin Saints Retinol
BRD22486e2e,EQQUALBERRY Serum
BRDbb4e0b0a,Lancôme Genifique Ultimate
BRD08fe4653,Caudalie VinoHydra Hyaluronic
BRDd0a5a481,Glow Recipe Avocado
BRD67d38218,Natura Siberica Anti-Ox
BRDb607faeb,CeraVe Skin Renewing
BRDfa0deb11,Elemis Pro-Collagen Future
BRDd4f9d0ba,Weleda Skin Food
BRD887d1955,Qure All-in-One Face
BRD7873ac10,Origins Plantscription Active
BRD8b61aad7,Paula's Choice
BRDc260b086,Yves Saint Laurent
BRDb0df658e,Minimalist Face Serum
BRDd2e1e8f9,Dr Althea Vitamin
BRDb1ffeca2,The Ordinary Retinol
BRDb6908e97,Niacinamide Face Serum
BRDd683cb43,Caudalie Premier Cru
BRDe901b120,Purito Wonder Releaf
BRD55c35600,Kiehl's Retinol Skin-Renewing
BRD861b3940,Anua PDRN Hyaluronic
BRD0be477d7,Superdrug Skin Hydrate
BRD5cdde45b,Kiehl's Powerful-Strength Line-Reducing
BRD30c268fe,La Roche Posay
BRDa9de2879,Filorga NCEF Revitalize
BRD2326e939,Anua Soothing Serum
BRD635ced52,Naturium Vitamin C
BRDb60eefdb,Nettle Venom Luxury
BRD8fe4c313,Estée Lauder Advanced
BRDa9e5fbdb,Super Facialist Hyaluronic
BRD9a2f46a8,BEAUTY OF JOSEON
BRDff334622,Professional Kakadu
BRD881d9ebe,Holy Hydration!
BRD6ed86032,Boots Cetaphil Healthy
BRD8533e2a6,Niacinamide Serum
BRD06c5f68a,Dermaworks Triple Serum
BRDf3dfd027,Drunk Elephant B-Goldi
BRDb09617e6,Glossier Super Bounce
BRDbf086a49,The INKEY List
BRD4f72d34a,Lavender Facial Serum
BRD4c646553,The Ordinary Vitamin
BRDc577d018,Olay Regenerist Ultra
BRD040ef5de,Art Naturals Hyaluronic
BRD9e7994e5,Seoulista Beauty Calming
BRD5437e6a6,Evolve Organic Beauty
BRDf13e7408,Fresh Antioxidant Face
BRDe00b01b2,Neal's Yard Remedies
BRD10aba0ce,Olay Super Serum
BRDc97eb41d,Shiseido Vital Perfection
BRDd80348fd,Clarins Deluxe Double
BRDb8c84a5f,Hyaluronic Acid Moisturiser
BRD55e6b029,Daily Serum
BRDa46bd9ac,Germaine Capuccini
BRD5d4a6074,Clinique Moisture Surge
BRDf225ff1b,Ole Henriksen Truth
BRDd739a129,Clinique Moisture Active
BRD72490cbe,KateCeuticals Supercell Rejuvenation
BRDa28632cb,Bielenda Super Power
BRD62d3d320,Skin Anti-Blemish
BRD65842f5b,Drunk Elephant Amino
BRD5dd3e251,Dorothy Perkins Unisex
BRD32906ce9,Roxanna Retinol Serum
BRDf5f3ce1e,Darphin Ideal Resource
BRDcfd7c5cb,Inlight Beauty Supreme
BRD7eeeb484,No7 Restore
BRD51b66fc5,Nanoil Antioxidant Serum
BRDe97bc7df,Olay Regenerist Daily
BRDd681a4c4,Clarins Bright Plus
BRDba20d874,Bubble Day Dream
BRDa63838a7,Trinny London Plump
BRD0efb5922,COSRX The Niacinamide
BRDe2bb9e58,Clarins Multi Active
BRD5169685c,Revolution Skincare Dewy
BRD2bb1b1b5,Innisfree Green Tea
BRD6ad3b55e,Murad Cellular Hydration
BRD29ab6f4b,Enenge
BRD76e30969,Sculpted By Aimee
BRDa83c0898,La Mer The
BRD77046f3e,Ahava Dead Sea
BRD3409d9f0,C-Tetra
BRD207848ba,Drunk Elephant C-Firma
BRDf95b7fa8,Bioderma Pigmentbio C-Concentrate
BRD9b2d18c3,Murad Vita-C Brightening
BRD1f7327a0,BYOMA Hydrating Serum
BRD9e39d6a7,Tatcha The Brightening
BRDae62e4ae,Arencia Red Smoothie
BRDc680f158,The Ordinary Amino
BRD28dabaf5,Green People Age
BRD2cfa66bc,Belif Super Drops
BRD17330925,Bright
BRD956298c8,GF Solution
BRDe4ec9129,Marion Love Holo
BRD94dd0335,Mavala Anti-Age Pro
BRD6db6e347,Cerave Hydrating Hyaluronic
BRDe34a72e4,Dr. Jart+ Prejuvenation
BRD546e7cac,Olay Regenerist Retinol
BRD749f2232,Medik8 Super C
BRD5d4991da,Monday Muse The
BRD82020a0d,Men's
BRD7bfaa735,Heath Repair Night
BRD8ebcec06,The Ordinary Alpha
BRDe145ca3e,Bergamo Niacinamide Face
BRD756d75d2,Dermalogica Phyto Nature
BRDad52dd05,MATIS Densite Densifiance
BRD2773ca4b,Drunk Elephant C-Luma
BRDa53949c2,Dr Sebagh Supreme
BRD12be3230,Alteya Luminous Rose
BRD4f2276cb,Nivea Luminous
BRDc3e8f928,Revolution Skin Serum
BRD89e37423,Trilogy Vitamin C+
BRD8d6ab497,Augustinus Bader The
BRD41e36479,Lotus Herbals Whiteglow
BRD4190d949,V'anhalla Niacinamide
BRD02f80db5,Clinical Super
BRD3b2676c8,Timeless Skin Care
BRD067901aa,Silicium Serum
BRDd934bae8,Cerave Hydrating
BRDf712ee6a,Dior One Essential
BRDa8ce53f4,Super Facial Vitamin
BRDc14b33b3,Eucerin Hyaluron-Filler
BRDe4daedef,Anthony Anthony High
BRD6ad54eac,Revision Skincare Retinol
BRD41ebdb70,The Beauty Crop
BRDf5fb22fa,Super Facialist Hexapeptide
BRD323c1162,Goodbye Acne Serum
BRD179a4569,ÂME Pure Youth
BRD63f30165,OxyGlow Herbals
BRD93dfb9ea,Inatur Face Serum
BRDca8b7ba4,Image Skincare Image
BRD147b2bb6,Matrixyl Serum
BRD5a7cf9fb,L'Oreal Revitalift Laser
BRDb7a6a053,Nuxe Prodigieuse Boost
BRD55148977,Grown Alchemist Regenerating
BRD8620a84b,Bioeffect EGF Day
BRD98d9966d,Good Molecules Hyaluronic
BRD1845ff82,Guinot Longue Vie
BRD3e7bf73e,Institut Esthederm Intensive
BRD1fe7fb0f,The Ordinary Hydrating
BRD99cdc044,Caudalie Vinosource SOS
BRD18750cde,Advanced Collagen
BRDb124c631,Medik8 C-Tetra
BRDb8fda15d,Advanced Retinol Serum
BRD9fdc8937,Skin Deva Matrixyl
BRD12eea764,Origins Plantscription Multi-Powered
BRD3c7aae76,IMAGE Skincare The
BRDbf086a49,The Inkey List
BRDe51bc6ac,Purito Deep Sea
BRDd7014194,TAHNYC Acne
BRD3cfb37fd,Halobacteria Restoring
BRDc87b127f,Hyaluronic Acid Skincare
BRDe8f0e841,Bobbi Brown Vitamin
BRDaa8afa4d,Face Serum
BRD440d8822,Miracle Serum
BRD78e9a51a,L'Oreal True Match
BRD5e0b24fd,Dior Prestige La
BRDe6893e98,Medik8 Intelligent Retinol
BRD76b2cb17,Be Bodywise Acne
BRD5bf3aa3c,Babor Doctor Babor
BRD8fdff626,L'erboristica
BRD7e306729,Guinot Age Serum
BRD86519255,Alpha-H Vitamin B
BRD255bf307,Clarins Pore Control
BRD1d9e4dc3,Collistar Lift HD+
BRD95025a9b,Clinical Pro
BRD67ecf138,"Brightening Face Serum,"
BRD1f2eaeed,BIOEFFECT EGF Serum
BRD9e925ec5,Restore Renew
BRD5dc3160b,Bottles Beauty
BRDdf7f9165,Blue Chamomile Serum
BRD4b1ed872,Hyaluronic Acid
BRD661d959e,Nacomi Next Level
BRD9f35fb32,Jan Marini C-ESTA
BRDf1a12968,Estee Luader Advanced
BRD5824f1be,IMAGE Skincare Ormedic
BRD6353589b,Matis Paris Réponse
BRDaa8d892e,Face Complex Viper
BRD41fe67ba,Rest Religion Retinal
BRD2ff71525,Youth Series
BRD8118bc49,Obagi C25 Serum
BRD926ef9cd,CeraVe Anti Aging
BRD85afacb0,SOS Serum TIRTIR
BRD97637676,Vichy Liftactiv Serum
BRD81122588,Made By Coopers
BRDefa89350,Vitamin C Serum
BRDc7bc9508,Lyfetrition Snail Mucin
BRD8b0444b6,Image Skincare Biome+
BRDf38a9864,Collistar Magnifica Redensifying
BRD226bc53b,Guinot Bioxygene Face
BRD414e9f1d,No7 Laboratories LINE
BRD47a53a9b,Pyunkang Yul Calming
BRD889292f7,Olay Anti-Wrinkle Firm
BRD329f14b8,L'Oréal Men Expert
BRD956c1168,Sadhev Ayurvedic Facial
BRD69707eeb,CeraVe Resurfacing Retinol
BRD4f2276cb,NIVEA Luminous
BRDf9104c88,Dove Nourishing Body
BRD36bcafc6,No7 Beautiful Skin
BRD1a835cf0,Luxplus Argan Oil
BRD1270ebc1,Tree Hut
BRDcfb9eced,Sanctuary Spa Body
BRD28166e46,Palmer's Cocoa Butter
BRD9131d748,I Love Originals
BRD8f993f13,Soap Glory
BRD4a43063a,The Retreat Nourishing
BRDffeba314,Sol Janeiro
BRD78156605,Neal's Yard Aromatic
BRDd206ceef,Soap Glory The
BRD3ecca63a,The Body Shop
BRDe884a2ef,Derma V10 Coconut
BRDc8ad0cb7,Naturium The Glow
BRD5e83a0be,Petal Fresh Pure
BRDd4da259a,Sanctuary Spa Signature
BRD8a16d302,Kiehl's Creme
BRD63bcabd7,Yes Studio Body
BRD9162fb94,Dirty Works
BRD2a96800b,Evolve Beauty Tropical
BRD8ba486d3,NEOM Perfect Night's
BRD012bcb90,Vaseline Intensive Care
BRDcabdf4a8,Bath Body
BRDaf5cc19d,The White Company
BRD5f906b56,Dr. Organic Manuka
BRD0d80c256,Burst Bodycare Coconut
BRD7292196b,Sanctuary White Lily
BRDe578279d,L'Occitane Pure Shea
BRD28315ca6,Emma Hardie Moringa
BRDc1e71d26,Derma V10 Vanilla
BRD131f8c8b,Sol De Janeiro
BRD2c74c3c3,SBC Skincare Rose
BRDe77bac76,Bee Cosmetics Honey
BRD4bb60488,Kutis Naked Unscented
BRD1dab3cf2,Mallows Beauty Birthday
BRDad51df14,Palmer Cocoa
BRD25885fb3,Dorothy Perkins Cheeky
BRD3e968007,Neom Great Day
BRD478d9b59,Nomi Body Moisturiser
BRD1509cc9c,Natura Siberica Sauna
BRDc86fb1fb,KDMD Unisex Pure
BRDf2c3be03,Gaia Awakening Body
BRDc3603e1c,Jean Len
BRD78b1af0a,Stinky Stuff New
BRDc4ccc163,Grace Cole Wild
BRD2c636133,Susanne Kaufmann Body
BRD9ca6ef1c,Multicolour Ps... Bubbles
BRDf5aa26b4,Queen Elisabeth Cocoa
BRDb5b53053,Argan Oil Body
BRD920513cc,Sanctuary Spa Lily
BRD0a6aea11,Clinique Deep Comfort
BRD3c0c71e9,Q+A Collagen Body
BRD78a7e60a,Whipped Body Butter
BRDb297bbb7,Twilight Body Butter
BRDe5ca2505,Yes Studio Cherrylicious
BRD2f5cc1f9,The Spa Natural
BRD78c4c4cd,Whipped Mango Body
BRDc246533a,Revuele Beauty And
BRD1be908da,Organic Whipped Mango
BRDa18c572e,Hollywood Beauty Body
BRDed4748e8,M&S Soothing Body
BRDfe770096,Orange Blossom Shea
BRD7beeca7b,Grapefruit Dandelion Tangerine
BRDe83ffaa7,Kopari Ultra Restore
BRDc86c87c5,Neom Real Luxury
BRD96cedbfb,LUSH Pineapple
BRD8e3a4c63,Moroccanoil Body Butter
BRD0310a231,Skin Fuel Body
BRDf835661f,Palmer Cocoa Butter
BRD3159797a,"Glow Body Butter,"
BRD713680a4,Ancient Wisdom Sandalwood
BRDec1bbb04,Liz Earle Skin
BRDcd847ac0,Coco Cabana Body
BRDcac72ea1,Juicy Grapes Crazy
BRD59428671,DATSIT Organic
BRDcacef598,Mitchell Brands Mango
BRDe9156acb,Best All Natural
BRDc86c87c5,NEOM Real Luxury
BRD533d3afb,Generic Body Glaze
BRD9538fe89,Luxury Shea Butter
BRD4a5eb157,Oblepikha Body Butter
BRDb32d66c7,Coconut Whipped Body
BRD59e6a04c,I Love Cosmetics
BRD683178b1,Pestle Mortar
BRDb978b913,Trader Joes Pumpkin
BRDc18bfecf,Bottega Verde Karitè
BRD632d2f56,Sanctuary Spa Ruby
BRD06d27754,Natural Body Butter
BRD1e2a4d5a,Coconut Body Butter
BRDe0f36a50,Champneys-London Cloud Nine
BRD1b49663e,Ancient Wisdom Aromatherapy
BRD1527c0bc,Supreme Whipped Vanilla
BRDd663eaae,Ami London Whipped
BRD1d245086,La Vida Caribena
BRD17b6ef2b,Inlight Beauty Body
BRD9e0102eb,Scented Body Butter
BRD29181719,Twisted Earth Fluffy
BRD8925324b,Health Beauty
BRD1f9b66c7,I Love Wellness
BRDf6361f8f,Rich Anti-Aging Body
BRD2856c6b7,XBC Cocoa Butter
BRDc5965b4c,Annemarie BÖRLind Body
BRDfd199c21,Sensual Body Butter
BRD8d965f80,Sweet Lavender Body
BRDc5668435,Bencos Körperbutter Shea
BRD7bd39943,Sleepy Coconut Shea
BRD5be2075e,Charlotte Meentzen Body
BRDc79279ff,Britains Beauty Restoring
BRDa51972ab,Body Saviour Stretch
BRDf34f6a4a,Shea Body Butter
BRDaa0e21bb,Skybottle Blue Agave
BRD2daaf514,Black Friday: Sweet
BRD9d129ed2,Dolce Body Butter
BRD5739a802,Khadi Rose Love
BRD3b735b80,Weleda Stretch Mark
BRD8d2797b0,Fruity Body Butters
BRD2b54eab2,Coconut Body
BRD10aa6b0f,Trader Joe's Joes
BRD89543765,Spa Luxury Brazilian
BRD2d9d1f4a,Innersense Blissful Body
BRD27463cda,Dr. Jart+ Ceramidin
BRD0b7e83ae,Body Butter Karat
BRD145c0e98,Vegan Body Butter
BRD2a667207,Greenwich Bay
BRDaddeae79,Kiehl's Ultra Body
BRDc5965b4c,Annemarie Börlind Body
BRD65193d0c,Vanilla Bean Whipped
BRDf8b04ce7,"Lavender Body Butter,"
BRD0e1b335f,Trader Joe's Coconut
BRD79a37ce4,Vegan Skincare Uk
BRD2ad510eb,Balancing Body Butter
BRD8506c366,Whipped Shea Body
BRD9ba9ac72,Lu Lu's Suds
BRD76861020,Khadi Pink Lotus
BRDbb1ef085,Argan Whipped Body
BRDfadac205,Life-Flo Pure Mango
BRD71132ddc,Trader Joe's Fragrance
BRD9207d4d2,Primavera Alles Liebe
BRD6391076d,Original Whipped Body
BRD1464b900,Okay Natural
BRDadf62cfc,Kaloderma Body Butter
BRDc3e68c11,Xbc Body Butter
BRD6f61eacc,Trader Joe's Body
BRD7bfeebbb,Formula My
BRD1ee80df2,Cocoa Body Butter
BRD569f752e,FINigrana Bio
BRD0db031f5,Tgin Organic African
BRD55398ac1,Naturolove Natural Body
BRD518f9385,Nivea Body Cream
BRDe9de7a1e,Laura Mercier Ambre
BRD06bd09b9,Natava Solid Body
BRDe718dda4,Palmer’s Cocoa Butter
BRD7db166a2,Subtle And Spicy
BRD08762b47,Hemp Shea Butter
BRD103624e4,Fresh Outta Fck
BRD4cf4a239,Feather Down
BRD5f7dd0e3,Jergens Rose Body
BRD140eaa99,Body Butter
BRD93fa82a7,Mango Butter Refined
BRD236c111b,Palmers Shea
BRD2ec84801,Rosenrot Bodybutter Avocado
BRD17a33e3a,Body Whipped Butter
BRD90cad450,Body Buff Body
BRD9fb47011,M-61 Hydraboost Body
BRD06052c83,DOVE Body Love
BRD4b35ce0f,Cocoa Vanilla Body
BRD580eb659,Body Butter For
BRDf69066ac,French Lavender Whipped
BRDa2a9a9bc,Mango Body Butter
BRD8f7942cf,Shea Radiance Whipped
BRD67b0b3d1,NIVEA Cocoa Butter
BRDb5d76666,EOS Shea Better
BRD67b0b3d1,Nivea Cocoa Butter
BRDe829abcb,Colloidal Silver Body
BRD1089bd72,Primera Mango Butter
BRDe9463d4c,Nivea Blossom Cocoa
BRD15129dac,Bs Indian Organic
BRD3d19e08e,Mango Butter
BRDfa530779,Lavido Natural Thera
BRD6175633a,Mama Butter Whipped
BRD6c1ae910,Milk Fragrance Body
BRD49689bb5,Glimmer Goddess Organic
BRDf9c68c7d,Insium Dry Feel
BRDf448ff63,AVA Sea Buckthorn
BRD1b3ed93c,Nacomi Mango-Strawberry Body
BRDc7749bff,Moisturizing Body Butter
BRDae06a791,Wholesale
BRD9e573dd1,Body Butter Moisturizer
BRDf406e7d8,Foamie Solid Body
BRDde92971c,Oras Amazing Herbal
BRD182ca065,Ava Body Butter
BRD62789a6a,Ted Baker Violet
BRD9d5ffc96,NIVEA Q10
